license_plate,Model,Vin,Purchase_date,OwnerID
¼ªJ69366,Model C,7FCDFJF9L5DO4L3AP,2021/5/25,62
ÓåD81150,Model B,ALCT7V9RJPN08ST29,2018/5/16,70
ÇíL99709,Model B,IH99WII3YLS0DFUBF,2015/8/25,61
¼½O38514,Model A,RB0LBTA6KC5GL6XRF,2015/12/19,91
¶õV83466,Model D,D1MTWVDX0AELDDC7T,2017/5/14,95
Â³L66265,Model C,XTB8ROUH0R3FWQVRZ,2022/4/11,21
¼½L57760,Model D,OZV1KVYJGVZZJ1CI4,2015/6/24,77
ÕãI23764,Model D,YJIHPAT72TR7FIZM2,2017/2/22,38
ÃöZ06633,Model D,ZFBC80GYZ6991XSSS,2017/9/17,57
ÇàV94014,Model B,PREB5TK0XPLB6SE98,2021/5/19,38
¸ÓA44780,Model C,W8RIQI7HIMPQSY9YX,2021/8/2,32
¶õP15026,Model C,S7DYQWK4BX6YKR5LH,2021/11/7,100
¼ªE92496,Model A,3F3JJS1IOVYRC3J6C,2021/10/7,70
ÇàS66275,Model A,F5S4BG0SF7PTR2ZEC,2020/12/25,2
ÓåV02088,Model A,IUCRMVVU3O6RZJGXU,2016/8/5,23
ºÚB11992,Model A,L1C8I4Y45XJTZRI05,2019/8/25,99
ÏæD32461,Model D,SUBRYGNI1ETYVS0F9,2016/1/3,21
¸ÊJ91635,Model D,WCSATQK21F9Z3KLU8,2023/9/24,28
Â³I27734,Model D,T7PMVL1FRT8N528SI,2015/11/1,33
ÉÂX75593,Model B,F8YYM2ALGV7WMBNY3,2017/8/14,17
ÐÂU06613,Model B,B0DWE6PSAWW0OUZZE,2019/10/1,12
¶õP96584,Model B,2075HJA2Y0DPWYNGO,2019/2/4,85
ÕãN79547,Model B,DES6K2FPNMFN43LN4,2018/5/21,85
¼ªK08721,Model D,3SBU7BMAIKN9EQCWF,2021/1/9,15
ÃÉC22763,Model B,8UAR1J6A94X6TVEFE,2018/3/7,2
ÁÉB79300,Model A,K9MDMQHS771G7ZB9S,2022/2/11,62
¹ðX55108,Model A,NHL1OCLI3R12O6Z5M,2017/9/11,6
¾©D91583,Model C,LDYD4ZDYMI4QSIZMM,2018/9/20,69
ÍîG78688,Model A,F7AKW9QA1FXDOLG0M,2019/6/14,81
ÁÉN71346,Model B,R0VVTUWQCAE9M5MC3,2015/10/5,59
¼ªF05747,Model D,29M0Q4H8IZG26PSPW,2021/1/16,57
¼½G48726,Model B,Q1TF0F1A495KLA5DY,2021/12/27,27
ºÚK44790,Model A,TC0LM2GND976JRR1Y,2017/2/15,46
»¦V26963,Model D,B8CRGAIL8SQ7V5FL8,2015/3/6,57
ÁÉQ83526,Model B,JN8Y68VWP1RCU5QAJ,2015/9/2,78
ËÕL41469,Model A,YSF0U1KFQ1TUGKAEO,2015/6/23,92
ÇàN16127,Model B,MYUY9SK3EB459BUOQ,2019/1/12,28
¸ÓF23522,Model C,EL2DCCMMWD8NELBQT,2020/12/5,45
ÃÉX68277,Model D,S2WK7EEUYCM1TK8F9,2018/10/13,52
»¦L00774,Model B,QAG35JUU2D773SEUR,2017/12/17,79
²ØI56415,Model B,0E4YCVCYL4LVYK3FS,2023/12/15,87
ºÚX27060,Model D,0CK4FUYHAWHKCSBTJ,2020/7/24,13
²ØJ30545,Model B,6TM9GSVCW4VR586YB,2020/7/25,48
´¨W88961,Model A,25U5ZJXCYBHAYD0Q4,2019/4/12,62
½úF71531,Model A,PZODXBP4U4K1H1K80,2019/7/23,91
ÇàE19059,Model D,JXAXAWNF2L55N73EG,2016/3/15,14
¼ªK48485,Model B,O1U45UGJ9L6QKFLNF,2021/12/13,56
ËÕI29399,Model B,ERB3VNUF7T6LW2KED,2020/1/8,95
ÇàC13687,Model D,IB2SRJNIONZQ7VJV6,2016/2/1,48
´¨K57007,Model D,9FJCEX5OINU04F1D0,2021/3/26,18
ÃÉP39511,Model D,EA8632JYV7PKNMLZJ,2018/3/11,90
ÍîP56872,Model C,UXY239LGR9UM1YE7V,2019/4/28,28
ÇàN52155,Model D,K0PUVB3E847L3KZAS,2017/12/26,70
¹óQ10415,Model D,Y8CSYX8OSX03HMKHU,2022/11/22,91
ÍîD95484,Model D,XJY9VRHQN7CYXDHFP,2016/9/26,75
ÁÉY53086,Model D,HJNBYBFHROW6PJG82,2018/10/27,37
ÉÂV00550,Model D,XBGY4Q3NLRSWJUK6F,2015/9/19,43
½òJ81433,Model B,C5RFNSQEN0XSEZK6G,2018/4/27,54
»¦G86762,Model C,3RUAYE8JV7L9APOOL,2020/5/9,10
Ô¥V48908,Model D,PBMSMSE1BZAQFS82Z,2022/12/17,3
ÏæL19218,Model B,9FUUGMTNRYDQY6TK7,2017/3/14,31
½òW93188,Model C,RGUR4JMGFA3I8GJW1,2020/1/18,98
Â³N83702,Model D,WOTBTCT37MB7P1LUB,2022/4/15,84
ÕãD51942,Model D,3SE2M1M2C0MMVJWTT,2019/8/23,20
ÏæL95127,Model B,O2J72HOXEYFIP7HBJ,2017/5/21,25
¼ªR22102,Model A,BALKS8GZY0IEHE4GG,2023/1/27,77
¹óQ13969,Model D,TFY5WYGKI7DGNC4IN,2020/12/19,44
½òE11511,Model A,MSK609N4T29SZP69R,2022/10/22,73
ÕãL24497,Model A,IFKEOT060MUWCO1RX,2018/6/12,58
ºÚA46541,Model B,8P0KYSZ7F2USVOFY5,2022/12/21,66
ÇàN99327,Model D,OTCBGIFRISSUUEMHW,2015/5/24,69
ÃöK50050,Model A,LROTOBX08BBGBQUOG,2018/10/27,79
ÐÂU11543,Model B,41IR2BUCEYT2XYZWG,2021/7/22,79
¾©U66190,Model D,LZ0H688LTY3GPHW9A,2016/4/17,15
´¨N70187,Model C,Y7H83VAS4ALB51LCU,2023/7/21,54
Ô¥N23446,Model C,H5PT1C4CEVHLD4CR6,2019/10/21,83
¹óS01894,Model C,HE8Z1LCG1M5UYK2OC,2015/12/9,10
ÄþÔÁW73956,Model C,70B1SFGFUPQ56BRAM,2023/3/15,56
ÓåG13201,Model A,ENXWZGM49BCGA627V,2017/10/25,44
ÁÉK47492,Model D,L2PAVD74TXJ7XS6UL,2019/4/2,9
»¦E39770,Model A,K2S1LD6NX6WTVP4AC,2016/3/22,29
²ØQ84226,Model B,8ZGUF3HE7MQWODKW3,2016/7/12,23
ÃÉW44884,Model A,95RS900WIW7KZQWL0,2022/3/2,2
ÃöB63522,Model C,U1WV0LJ8EVPTXXLPD,2020/11/13,32
¼ªS69785,Model C,21A4K7PJF6PMEQV9Z,2021/4/27,70
ÁÉQ57842,Model B,J623HCOT75OZNCRXA,2015/1/14,85
ÓåL80476,Model C,1HRMU0RMFD6AAVVBG,2020/12/2,100
²ØE45447,Model B,ONY0USN5CX83273E8,2022/2/18,7
¹óZ14474,Model D,U62U1X334L11XFA4Z,2022/9/18,44
ÕãP77354,Model D,L3RLNR3L1MP0UWDLW,2021/7/17,12
Â³V63637,Model C,KA9TRUA4ODBKBD91S,2018/5/13,16
ÐÂS21735,Model C,5DS8UZA7P9BM7HATB,2023/3/14,18
ÍîB45275,Model D,CLXRX8YBNXPMY0RSB,2023/12/17,2
¼½A03478,Model A,Z1NF299PKVVMWYHT6,2021/9/20,66
ÃöD42998,Model C,NCOT9KXDB7M95QEXE,2015/11/22,51
¸ÓZ83446,Model C,VSGQF0LMXTNVGJWOV,2019/3/20,3
Â³M37888,Model D,666HEMZK44LIJI19Q,2018/7/21,31
ÁÉC05755,Model A,OPYSIWU0XETC9NUB9,2020/6/13,46
Ô¥M94496,Model D,FMV21UL1JSXMIQI36,2022/12/26,8
ÃöP78665,Model C,P47QOSYUXFPBVLRAN,2018/4/26,47
ÏæR01146,Model D,IPXZGSS0ANO2HQD7A,2015/7/22,28
»¦L26201,Model B,HCWWKP0Q0000N6LX2,2016/10/21,69
ÔÆS83008,Model C,NKSGHCVTOO9NE94P9,2023/1/20,55
ÃöT73962,Model D,Y7QBTJBCKQOZ1312N,2019/1/4,3
¸ÊO64393,Model A,PSJV0DV8UKYOPCUIY,2015/9/25,3
¸ÓB59095,Model B,M9Z8GSP9XCQ5QVTYS,2015/9/25,18
²ØQ33908,Model B,4RGMDYFK7NJWRFKJQ,2018/6/12,54
¸ÓL20638,Model D,KZ36IOVUUNB2LW1JJ,2016/12/22,39
Â³C94574,Model C,4WEDCZAK6R1EMPRZG,2016/10/18,14
ÇíA49915,Model C,CJP1BSA9TMUYDI24H,2017/9/20,3
¶õF16299,Model D,4G6SO7NZDV4E5ERPF,2022/1/23,94
ÄþÔÁH69619,Model A,3B1K5LRF50EG3CTE5,2022/1/23,63
²ØN55135,Model A,17NYHTA9NN0YOF36D,2020/4/26,64
ÕãJ29004,Model A,IRX2TXJVFJJK5DFBH,2017/10/6,39
½òL21950,Model D,4ITXOCUJUWC9V220Z,2016/3/11,50
²ØH24381,Model A,86XQQ26AAMVTLRZ7U,2018/4/10,82
ÔÆA90394,Model A,MJVM8LK3Y6Z95W1TZ,2023/2/25,95
´¨F92555,Model B,USKL100533UPEQSAP,2018/1/13,42
¼ªW01142,Model C,0WQVAI3IG2525DOSR,2019/12/25,50
¹óG46487,Model B,ODFOKCKWR4BTGTUIH,2022/9/28,7
ÃöH40824,Model A,H5XHPO22NR4A0LNAL,2015/11/13,64
ÏæH39316,Model B,PG6RNFIFE1HCV05OG,2022/6/1,93
ÃöH70691,Model C,VCRE5IMHYB0YNK8FP,2018/12/13,69
¸ÊF04842,Model B,5LR9DB4Q3J5XAEQOF,2015/6/13,61
ËÕM01048,Model C,9WRQ49Q7IUGBOMY3B,2022/1/27,12
ÏæE65707,Model C,DZBUDD3GGOSWAP9HN,2020/9/16,82
ÇàK49009,Model C,TJM5QU8ZWWWXCWOSM,2016/7/20,53
ÍîK45765,Model A,X3GQQTC8GSBSS8C1D,2022/10/17,78
ÓåC19883,Model B,GQ00H4O0MYG9BPGIM,2017/9/13,27
´¨V85781,Model A,ODVMLCEINX5VBWBOU,2016/12/10,74
ÉÂP93201,Model B,G8F45F61XZ9CXCGPB,2015/12/28,97
¸ÊI28170,Model D,MQSXF5BE997FC8J4R,2015/6/7,64
¹óB27384,Model A,24RQBB94C61N1S3NJ,2023/10/7,96
ÄþÔÁD72815,Model B,M9NM5KT9R2E9QGYQA,2022/12/17,9
ÐÂC49567,Model C,1NZS9ASPW3M1A0J93,2022/9/19,8
¸ÓG77906,Model B,TS0V0SYJWCUFQAYQH,2022/3/18,72
ÃöI60673,Model C,4LJ8M4JN9OCGVQ4SA,2017/1/26,69
ÍîH16445,Model D,ZVWW051Q26KLD2MTC,2020/1/24,18
ÇíT70852,Model A,NU8MO5Y4DHXR34CAC,2019/10/14,21
¸ÊA20403,Model D,RC9FPAKJOUCW3NA0P,2019/12/5,90
ÉÂE53999,Model C,59XKW4RRK6WRG8YET,2021/6/14,89
Â³P90641,Model B,F3GBAY3R7Y1DD9P27,2015/3/1,20
ÄþÔÁL31758,Model C,5BPBA2X675Y3DBBWY,2021/11/19,69
ÐÂF86548,Model A,LZG8IZ7K1MKGZMRHL,2017/5/27,89
ÍîV27499,Model C,EGTZISUG6AB7V7UYS,2022/1/26,9
ÁÉI65717,Model B,KRBDKY1L5M4FHPGHO,2023/12/1,50
¸ÊI78033,Model C,R04K1TIE9N0R7YDHF,2022/5/27,86
¼½M67544,Model C,WNTZ38BY5O9P17IKM,2015/10/24,82
ÄþÔÁS17133,Model D,9F7RSHL0X0BGYWL02,2019/8/13,43
ÇàT17345,Model B,2UQCQLAGP9ZV4AADF,2020/8/9,74
ÉÂF90917,Model A,OUIPWE03Z5RPXAI0J,2016/6/4,22
ÃÉD54633,Model D,0C8X5DSDSSDFYBZTP,2015/6/11,21
ÔÆQ15257,Model D,942HR734SNKYU4OKM,2016/5/25,74
ËÕK67562,Model B,JEEEKBPIMNSDH8N1Z,2023/7/2,86
ÃÉL16467,Model A,CCKZYRTZWFHNNFYS3,2017/10/8,100
ºÚE33587,Model D,8CXYLQ7KGRWSRRNOM,2020/8/2,92
ÇíD89121,Model B,L5ZGNX1L08XDUH8VE,2021/10/15,25
¹óV80547,Model A,NNCQR75UOETXHDRJU,2017/5/27,85
´¨N00763,Model D,QEV94SAWSD36KH0DZ,2021/3/19,6
Â³M23866,Model B,YMKCZ4GN3A6KLHDPH,2023/4/13,76
Â³N81463,Model C,B1RJARB5EGQNE9SJ1,2023/10/24,78
ÁÉK19095,Model D,8IWKAGZLD1175GHTV,2020/3/19,11
ÔÆX69671,Model D,JBFIP1Z9GWHX6AGE5,2019/1/10,88
¹óR73216,Model D,C3HTBKJDFFWZNUC3X,2020/11/11,17
ÏæX27764,Model A,8U098KKNNPI12KTOC,2020/12/5,94
ÁÉB74153,Model A,25UGYXX6MCBG7YJ35,2016/5/24,56
ÓåI79395,Model D,7ZDW6TZKSOZEGOIYS,2020/10/7,78
ÁÉU09324,Model C,SDASDH1PYZRD6V41I,2019/4/28,15
ÍîN06636,Model A,MCN9KL2GNPVI62870,2019/5/16,49
½òQ35147,Model C,WNDBDCKOW98MVLUO5,2019/3/15,56
ÐÂF12708,Model A,NE8ZPJZIZRAGHOVV2,2023/12/10,36
»¦A16416,Model C,QYSRJW3NQQESZPN9Q,2017/4/3,62
ÐÂY40690,Model B,QIUFWITDZFB2UOHFA,2019/12/28,56
ÉÂI76984,Model A,BJB23CAUQ5DTC1UF9,2021/10/3,95
Â³V68393,Model C,Y4Z3OYPS74XBCLGJW,2017/11/11,12
ÇàQ72756,Model B,IDZCMXD9V2N9LOIU9,2019/6/12,83
ÉÂT08722,Model C,T4J1ZOWS74G2PEZC1,2018/7/4,38
ÇàP19142,Model D,2DIAWWECTTHMS3EHK,2017/2/20,7
¸ÊN32139,Model B,Z30PKWG2APEZO4J1K,2018/11/5,86
¼½Y09909,Model C,8RD9OT1OHW95Q741U,2016/8/19,97
ÏæW11211,Model B,BOA5ZS0X9P5AGBR81,2021/5/10,83
ÓåI47058,Model C,B3NCK9VWGM51BQTAU,2019/10/21,95
ÓåF89146,Model A,5IHEDCR7DW490VDL2,2018/8/8,54
½úO54389,Model A,OWNO01VYJ6G5V3ZN6,2019/7/4,80
½òU66778,Model A,HQ1UKWB2YO32H0908,2015/1/3,49
ÔÆN86812,Model C,VB1T1K96YDESDR38O,2021/12/4,55
ºÚL87004,Model C,7P7Y0Z5EEMKJXN9PJ,2015/4/13,63
ËÕK02124,Model B,EN7PYE01DIF0SBX42,2023/7/8,98
ÇíA62946,Model A,RPH6I5UWE9LXZJIFI,2022/7/24,33
¾©D83026,Model D,XNTM1HKU3ZLCLTK3H,2022/7/9,6
ÕãC24857,Model A,5CK69KUVLTL9IEC93,2016/11/13,81
Â³R33164,Model C,Z7Y1L55JNLDO7NEFO,2015/1/1,33
ÃÉQ98021,Model D,34OYH6I0E66F6TVHJ,2023/10/1,80
ÕãM12168,Model A,MBYOA640Z4M6HF22Y,2023/11/19,47
ÓåH72849,Model C,WMWDNK75LJMDV7XIF,2016/9/17,30
ÕãK30770,Model B,WL84X9GBGJ1SB5QDB,2015/11/15,52
¼½O77699,Model C,JK17HZP6GGWM2SB3H,2022/8/27,71
¶õD04645,Model C,M5TAH55XOX8JITM51,2021/10/12,69
¶õF14266,Model D,CE6N4CDJWPSBT9HK8,2017/10/14,2
ÔÆT13301,Model B,UI5OG8PM2GEANFVKG,2022/10/5,74
½úJ65131,Model B,TMJBZLJHVGR8PQDVL,2022/7/10,14
ÐÂU62589,Model B,COHXDPAI0RF8FL93G,2018/6/8,91
ÃöH17649,Model B,ZJBHLZZJRUSEO0NG3,2021/10/14,81
ÕãG71998,Model B,2TGR552DALSSCW79A,2020/12/21,82
ÁÉB83818,Model C,WYQFW0IRKTU1BO4HD,2023/8/5,91
Ô¥X43339,Model C,HGN54ACJBFCMKFAJL,2019/9/19,88
ÓåZ44089,Model C,IB2KS4TK80A4Y5SFI,2016/9/25,83
ÏæL58325,Model C,LPKYPF2AVCWL7AGBU,2016/9/15,21
»¦U90230,Model B,7YIQLAYNLE26CI2J2,2018/8/11,51
ÉÂS33003,Model B,8IRO4GIAWF66ZJK61,2016/3/4,6
ÕãF62932,Model A,7RWY44YULBOJJD0HW,2021/1/9,40
ËÕC74400,Model A,50U5MES5CUL5CM415,2019/1/15,43
ÓåI25455,Model D,I3IWZMU0K566U2GJ6,2019/5/19,13
ÏæW15607,Model A,I2JQM6WTNIWN3RTC9,2017/12/16,4
ÁÉP88303,Model C,QAYL4JD7LQTLKP9WB,2015/12/18,24
ÄþÔÁD60057,Model A,FI7S0DGR2TBMYEXLS,2015/12/2,12
½úL26605,Model C,YVHJVONEB68ITZQTE,2020/12/6,58
½òK46194,Model D,N6CFJ1WN4JILAZZ19,2023/2/4,57
½òT10849,Model A,QQMZP03KZ85ZZ9H4H,2022/6/17,55
ÔÆG03553,Model A,AWT2L2JODU1KI3UVF,2020/12/10,74
ÉÂH42432,Model B,8WTQPKBCGRRYZRKNT,2021/12/24,39
¸ÓB14531,Model D,3NGAOUM3RHVAXIWL0,2022/1/7,79
ÏæB65367,Model C,TG4KSJSIJ8LSMO4R7,2023/11/20,86
ÐÂT12967,Model D,R0OVHL6TZ3QONUDNJ,2023/6/5,10
¼½J29674,Model A,F7NZA3WNRZT1UDZ58,2020/12/22,50
´¨N47578,Model A,D40BM54ARNPH7VKMV,2018/6/24,17
½úN33132,Model A,BUPTDRABN95QMOKQ1,2022/4/22,40
ÕãV32497,Model A,ZVBZ4797LMP6JXUEN,2020/12/16,30
ÍîX29423,Model C,5TXTG8F2H9FEA5PLW,2020/4/28,53
¹ðM41676,Model C,P1QMMTL9R9YRWUOK7,2015/2/23,42
ÕãW66486,Model D,DSIWS4KZVZAXLCKRX,2021/6/28,4
ÔÆD02967,Model B,HILUNNUBS3ZHR4R1A,2021/2/16,3
ÃÉB81571,Model C,Y0GTXZ415ZQVEBG0O,2019/7/27,87
¾©H11391,Model C,QKJ8I6UAP3S5D8GY6,2019/11/6,74
ËÕL37295,Model D,6ST8XD5CN707RZSWD,2021/6/25,27
ÃöR11115,Model D,F7N96XW4TA3LAXS17,2023/5/16,81
ËÕQ23048,Model D,YKLQM66LY17Z6S31M,2022/9/15,26
¸ÓG76564,Model C,V3HJFJS3M0R7NP891,2016/3/23,24
ºÚD93970,Model B,ZN6LO1OPRXRT85A2Q,2022/7/19,65
ÕãX28634,Model B,E4OHSCWQPL6VFG4YC,2018/6/12,56
¸ÓK08153,Model B,11OW525MJEC2AYKU3,2022/2/22,42
¼½R66644,Model B,2OOB5RQAXN5N0QLJF,2019/9/22,98
ÁÉQ18132,Model C,7KZ9SESRN69V1EQ3N,2019/4/10,31
¹óX46849,Model A,6D920IRCOAKEOSFPS,2022/9/9,9
ÇàF92316,Model A,Y0U5HEJIUYXDCLRTH,2019/9/28,96
¹ðU65249,Model C,HKJO6FYP6ONLG121Y,2022/5/7,38
ÁÉC70960,Model D,MNXFEB7LPINGEDG44,2021/5/6,4
¹ðF56642,Model B,9PGQV31CL1ON49RCG,2017/2/28,72
ÉÂN46636,Model C,NPWV9DDXDSNNH3ZY2,2019/7/12,48
½úA93596,Model C,T1ZUX6YCCUNHN6F83,2020/9/6,76
¸ÓY56634,Model D,DIMSPH2VEA0JR2K4N,2017/5/12,86
ÏæJ92399,Model B,BMW85OTV8XS7ND993,2021/5/27,1
¼ªK37069,Model A,0L0A10QHTSK5W3QMZ,2023/3/1,88
ÇíB53864,Model C,IE3QDJRKQV50IFAR2,2020/5/16,84
¹ðI80607,Model B,QKLTHCLBHOWEE5RM6,2023/9/3,22
ÓåY45551,Model B,MQR5PSJNAEQWFTB4Z,2022/2/3,98
Â³T35946,Model C,OPHT0NDJRXM7KF3D5,2022/11/7,88
ÇíA55615,Model D,T7IJ9Y9KHEE9SA9HM,2023/4/19,34
´¨E68604,Model C,8L1BDNCRUD72TOBA0,2016/7/1,42
Ô¥S61087,Model D,CI8OX4AOQ59RQIN86,2021/2/27,19
ÔÆN46361,Model A,7SRJ5UL3UUKXTTVLU,2016/2/28,85
ÇàR29781,Model B,4L9B2ZVYSTTFBER0C,2018/7/4,70
¾©E14829,Model C,C0J5K7A07Q43P0FRU,2015/5/14,23
½òW65199,Model A,8X6ZCZNZDNTCQNC89,2018/8/15,66
ÏæL80687,Model D,G0UAQ4XSFRCSVM11U,2022/2/4,9
¶õV07147,Model B,59V9NI7H9TE29IPJU,2023/4/26,55
ÉÂY50243,Model C,GHKR619PEQ5I4NCRA,2023/2/3,93
ÃöM36786,Model A,8YXV947QUEGP7BVG5,2023/1/16,75
²ØQ44927,Model A,3NHMZHWC44SFZP6OW,2016/2/14,18
½úB11428,Model B,5IPB90QGL6HQPH839,2020/5/22,37
¾©G19403,Model A,XWIX8RDTB1BYQKKBG,2015/11/17,64
ÐÂV30574,Model A,U8QA5J1FVQBF37CTY,2017/4/4,28
¹ðM43595,Model B,AWBNA8QICR57EYYM9,2020/5/20,20
¸ÓH79940,Model B,3C1WJLEENK0TPLH4P,2015/2/21,51
¸ÓB93767,Model B,CMXH4QHCJSYFECCNN,2021/12/23,78
ÏæM30336,Model B,7LDYO2K2D8J889UYY,2020/2/6,11
¶õQ50055,Model C,AUR3NSKD0HOV45XPG,2020/9/8,5
ÐÂR43190,Model A,AWT33SBP350UZECGZ,2016/3/12,71
¹ðY15436,Model B,ML7Z9CY301CMEC1RG,2017/12/4,13
ÁÉH67723,Model B,U2FGH4SE3BXVCC5TQ,2020/8/28,10
ÃÉI59324,Model C,P8Z63GJVZMUUZM5TM,2022/9/15,71
¼ªB70936,Model B,GP9HRXPDHDJMYSQS1,2023/1/20,83
ÃÉW82262,Model A,LQLA58IQVKS7ET89U,2018/4/13,2
ÕãS38536,Model A,K869WRIP6DSO5GY13,2017/6/6,51
²ØG46977,Model B,11ILEZRWJ5DX49BXB,2016/11/25,43
¾©J32356,Model A,1P3F58UEKHC2NGAME,2022/10/7,36
ÏæP46051,Model D,59GP3M9CG6VXFGK1D,2021/6/1,92
´¨G35166,Model C,CWT7QX6TRRJ8VB4X0,2017/7/19,73
Ô¥L77533,Model C,50OEA1FHNY99R19DU,2017/3/8,23
ÕãC29790,Model B,IKH2P93HUWL437YPR,2019/9/22,34
Â³H10810,Model C,6SM5R341DPFHBEDNZ,2019/2/16,41
ÃÉY57359,Model A,MN03MJBTHPOOFKQIA,2015/12/25,5
ÄþÔÁV46964,Model C,OHSDNEVGQ09GZHZGL,2018/3/15,26
´¨W66510,Model C,IRHBZGNLA6AQ8K7EB,2022/5/4,50
¸ÓH79198,Model D,DQRUGYC1151IPZLV7,2021/11/17,25
ºÚT99848,Model B,O29KJIPT31EUBS5K7,2017/4/8,68
ÇàA15491,Model B,BKP3ZFEYU6INYB41A,2023/6/13,94
Â³K30695,Model A,KTEXVUG0I5VO7EK2Q,2020/11/3,36
¸ÊP48980,Model B,848I1Q32RRFR31P44,2019/2/7,89
ÃÉE97383,Model D,9GU7ULWYVX3I9WYVL,2017/2/16,22
ÉÂU11429,Model B,DFF34ILB2CRMY2TKX,2018/2/28,81
¹ðK51234,Model B,0VKBABIQZOEGMFC6Z,2017/4/7,63
²ØC18349,Model A,FPQJVXRP9950L5HSI,2021/1/23,4
¼ªH24563,Model B,BGS1QXCRGBE6HBXAV,2018/1/7,71
¶õP88409,Model A,3GOKEF20IBX6XJ4XW,2017/4/16,32
²ØB00890,Model D,TUWWPVISRZL1G1ZWB,2018/1/14,19
ËÕA49029,Model A,ECYCKDZQRMK4QPDEG,2020/6/7,44
¼½U62175,Model B,PMVYRNI1VX58CYOF8,2016/5/6,60
¸ÓP87132,Model A,XB3UHXIR0IHR6NBTZ,2017/4/19,44
ÄþÔÁK42814,Model B,VFM0TKJSQ0NBCDNI9,2019/7/13,97
ÉÂW14162,Model D,BSXSU01CAELCVIBZG,2015/10/16,36
¶õT56996,Model C,602C746WB4IVILVHI,2020/11/16,48
ËÕD85784,Model B,D7BRI5IDOOW21QYCY,2016/1/7,31
¶õK39726,Model A,FJ70YMPT93FGY4LAU,2023/9/22,59
´¨A71729,Model A,XE7YKESWZJKLIGDWG,2016/10/28,51
Ô¥S66433,Model A,A068Y7OZFSECSU7G7,2021/1/15,66
²ØI31210,Model B,SYND9EB8V7NP469II,2020/7/2,17
ÏæG88724,Model A,P2WGNTU0IXNUVUYOF,2015/1/21,56
ÃÉC13672,Model A,SEHKU72V7RNZAD8IQ,2017/9/25,38
¾©B86909,Model B,HV9K83N46YGS94WKH,2021/11/21,57
ÍîO76402,Model C,PQM5XBWCPPHK57OZO,2022/8/20,77
´¨R01264,Model C,ECI752TQ2WV6LRG7H,2021/11/9,70
ÇíH34485,Model A,TK4CXXFZ504TCNULI,2022/6/12,91
ÉÂZ31351,Model A,RO8AQC221QCUZOGJ9,2019/11/25,86
Ô¥Y68942,Model C,ZI5NFKETNBPBFAPB0,2018/4/10,9
ÐÂD64744,Model D,5IYET2TT8RINSC272,2023/5/28,46
¸ÊS39660,Model A,KVEMPZLOZX6IRKJND,2020/10/20,46
¸ÓO45910,Model A,QO289LMB751MFL4NY,2023/5/7,99
Ô¥Z00099,Model A,45Z1MKU10YO0LDHKF,2015/7/19,37
²ØI46059,Model C,90WAF4526PGW4BRZX,2022/7/19,16
ÍîY59860,Model C,9X2LRWO0L5LI7IWPO,2017/10/21,16
´¨N58022,Model C,LLY1Q331TXZ71GASB,2023/4/26,12
ÍîF10796,Model C,36ITILF8YRBDD8H3T,2018/2/16,5
ÐÂI50724,Model D,T0MOYRR8VVBNIRQ19,2021/12/6,13
²ØK95046,Model A,YJ6O4U89DPB45G1QZ,2015/11/17,63
ÓåM41946,Model D,YP3C4P8804P8VI0BI,2019/9/25,1
ÁÉH63376,Model A,Z3P7WJMUN002DG4J1,2015/4/20,58
ÃöS41245,Model A,03RPOW283CUN7SXFG,2017/4/1,4
¶õQ70444,Model C,3GXWPMC8CIY42HTFG,2023/7/9,49
ÄþÔÁO59491,Model C,7UIONRJC1HLMMYZZI,2019/12/8,30
ÇàH77668,Model D,9MQSKEM9PKO6WREX6,2022/7/3,96
ºÚU32313,Model B,D1GW8FNR46TBBNIH0,2017/8/1,6
¾©W48145,Model B,RJIV1WBKI1JOKJSUQ,2017/4/13,74
ÍîN19796,Model D,IK3VXEVLSGBHYEKLW,2015/9/27,82
ÁÉV60893,Model B,GACZ68EOWPSF0UCDV,2019/10/24,52
ÃöT19122,Model A,E3ELI61A2AB5CZ7EK,2016/9/14,100
ÕãM58646,Model B,IQ3NCX7ZXYOIZY6BB,2021/10/10,26
¸ÓN22624,Model A,5Q279909OUR11VYIE,2020/4/4,84
ÇíQ24303,Model D,ZHXZPS4NG0408IJX6,2017/3/3,6
´¨R48121,Model C,3DHQL9L8UROR1KOSZ,2022/4/12,10
¾©X22217,Model C,1AVFYBS2MMHDTACFN,2022/5/28,11
½òA79289,Model A,VM98LJ3PNR8X7MF8A,2016/9/17,96
Â³V57553,Model B,ZUJCFH8WL6SO1DD8O,2015/5/13,12
ÄþÔÁH40893,Model B,FQUXBR1T1ZVN13CL0,2020/8/15,12
ÇàG76251,Model C,ZU56Y0U4WW34I4KSV,2019/4/13,82
¶õY00867,Model B,NHS4DNNNGBF89LX7M,2019/5/13,84
ÇàT88120,Model A,ZTVELMD0RTENG6KZY,2020/1/27,63
Ô¥J65275,Model D,T6R2DCSADTL36GVES,2018/8/3,9
ÇàM61158,Model C,GEJYHJHJPSS7PZY70,2021/2/7,82
½úA84457,Model A,8TVBHQ9H82X105K61,2015/4/27,97
½òQ49910,Model C,3JCDVSOH6Z6EA36FB,2018/5/16,95
ÔÆN31621,Model A,H59KHNB5BOJN3063Y,2015/3/23,75
¸ÊN78585,Model D,D977JYVCYRGPOLTEL,2018/4/9,90
ÍîM44058,Model A,XUOFAWWYG65SU9BVC,2022/11/21,5
ÏæJ35472,Model A,JUJLLL5B8W5B8GN6U,2019/2/14,60
ÄþÔÁJ99321,Model B,NT0JI1PDP6UW7MR4A,2020/6/11,59
ÕãZ40559,Model B,VVS5XWO46ALFS60NF,2015/1/12,59
¹ðO63017,Model D,4I4XYCJZQNRMFT3CS,2018/8/20,26
ÇíK17280,Model C,C88LUL37EN05DXIRD,2019/10/19,36
½úC25873,Model D,T4WA34TL8UU0NUU9D,2022/10/26,93
ÇàP91151,Model C,9GDC3H6H8B5MBV4G1,2016/12/26,53
ÔÆE59247,Model A,GFIPWV6R3KMT9X6SZ,2023/5/24,99
´¨X21414,Model C,771UUPISGEK3T9MSO,2021/12/14,99
ÔÆB32694,Model D,R1V7EFZYLG0Z10PQK,2023/7/5,41
Â³L06281,Model C,IA44XMGZP5PZDEG1J,2018/2/2,9
Ô¥J39483,Model D,0TXPEQI17PBXUGRLM,2016/2/13,56
ÔÆT67057,Model C,KCOWS4BQWHU0YFPML,2020/3/20,13
ÇíY23476,Model B,72TEJ9AJ6JQUIJJ12,2018/1/5,12
ÓåW91610,Model D,RI4DX4DP377FA1WTI,2015/3/5,84
¶õZ35837,Model B,ZAYQKVYD30S356F6V,2015/8/18,75
½úX69199,Model B,7RC917CVWF5UPJUJ9,2020/9/22,38
ÃöG49982,Model A,6RHHZN3UCWZSEL4X5,2022/10/23,97
¼½C01538,Model C,8O56HX1L6OSLXXMCB,2015/1/20,44
Ô¥F81430,Model A,FQ57WQBC6ZT06SK72,2021/10/22,12
ËÕC42035,Model D,1SWP4MBCTRUQ7S9H1,2022/5/19,84
¼ªF89789,Model B,AFG00URJCJCP4CBOM,2018/6/12,99
½úX83198,Model C,KALMSFJ079I8UJN65,2016/1/1,59
ÃöF21245,Model B,BLBTO62NMZ0GYE3WY,2018/9/15,17
¸ÓN27322,Model C,DAPAHXXH5M2NPA7EV,2018/4/17,79
ÓåA77703,Model D,329E7WXAHU500IN4Y,2018/12/14,64
ÃÉO64002,Model D,WXCH6X94ZU9FIGSK9,2017/8/21,97
ÉÂW15371,Model B,XA0O7GJ24I5KKRRSM,2017/5/6,52
ÇàQ46938,Model D,3FX343YS6GVQBPVDE,2015/3/26,72
ÉÂJ20373,Model B,SN4DTF4OEYHJS843P,2021/2/1,29
»¦D70498,Model B,EAJTT5X7HS2KATC8U,2015/12/2,63
ÍîC50406,Model C,R9OD8XDPE3JFPYXZG,2015/11/19,78
¶õH82445,Model D,KR860PY3C8NR7CBBT,2015/2/3,86
½òW91294,Model D,SL9TINW2C7ACCHT93,2019/12/28,42
ÉÂJ92364,Model D,0ZBZEBY1GL6FHO315,2017/6/9,78
¶õA25214,Model B,FLQC0WN0DVN0B2W99,2023/1/12,40
½úK07069,Model D,LJE7W5LJNMLFSG7VW,2015/2/21,21
ÐÂL14580,Model B,8Y8FXQSEN14Y3B466,2015/10/6,47
¾©O28067,Model D,DB67JG9Q7M54IDXTT,2018/7/20,16
²ØL83171,Model B,0LD4OS2DFZ7P7AFLC,2017/3/6,40
ÐÂF85229,Model C,9FDS02LN9MA53WSBI,2021/1/20,7
¼ªU08493,Model A,TOFZ1KDNGJXPOMCDP,2023/2/13,7
Ô¥C69097,Model A,26V4PK0W1I9NS9MPQ,2019/8/16,2
ËÕL98469,Model A,KFVLYBG1H479DTHUM,2020/11/22,59
ÁÉE09582,Model B,IEPV24CEC07WQ4BRJ,2017/4/5,20
ÕãP01764,Model C,VP52MXJ95LFR3PEBS,2022/8/10,11
ÍîD21017,Model D,PSK7LSOAH2S0KHRM1,2023/2/7,79
¼½T17701,Model D,XP5NTILG6PWBE6RJI,2022/8/3,94
ÃÉD43162,Model A,A07VUQSI4K285G1YH,2017/2/23,25
ÕãL11195,Model D,ETR372HZ0BIHX54H7,2018/2/23,75
ÇàL96128,Model C,1HPRNIEJXQ5LSQNPT,2023/4/2,37
ÏæA88145,Model B,YAL3V4L0YM3PBCMK6,2020/3/15,94
ÍîB77976,Model D,PBF3BNTPXGG3IAYYO,2017/5/18,85
Â³V47565,Model D,H1935ZGO83EK00PDH,2017/9/8,21
¸ÓJ28521,Model B,DR5PDY0CKEGNFJHUI,2023/10/18,21
ÓåL66817,Model B,LQKKDOEDM6VL9ZVHD,2019/5/16,43
²ØZ57173,Model D,0426FVBPC580RZZBC,2018/10/9,50
ÕãI47727,Model C,0ZN7J5ADJZVLPZP8G,2020/9/24,43
¶õK54602,Model C,GO8K6KSYBUMMA5FEH,2022/1/28,86
ÐÂK55826,Model A,SKRK6TRHRYRC3DUAV,2016/10/6,21
´¨K00039,Model B,ZKX0SOCVSQNBNPE97,2018/10/6,17
ÇàL56727,Model C,A70YQUAFUTVJYEZHV,2016/11/18,18
ÉÂY94941,Model A,DNL19I4HK27G6BS7X,2017/12/11,95
ÐÂT86380,Model A,2NYCBPZKG90FX35JG,2015/6/12,7
Ô¥F16837,Model B,CFT97FQDTP4DXX6MK,2020/4/14,19
Ô¥U51247,Model C,YD688U5GY4ODY43PA,2016/8/16,83
´¨Z70934,Model B,0KPZOZQ1N7SP7FO83,2017/11/10,96
¼ªY64449,Model D,T9F3VR0R4WH9L2FMQ,2016/8/25,35
½òU14299,Model D,JK7U5UTT7ETZ86V47,2017/2/19,61
´¨Z07694,Model A,QZ0GC2YPJSOI5QP58,2018/12/6,89
ºÚI47739,Model D,O6GISEW523Y4MOJQC,2021/8/9,74
ÇàK30291,Model A,CBX7JGGXTOXRM1RQZ,2022/2/22,71
ËÕK15658,Model A,R59CMO827RYSG9MUE,2020/6/21,100
¶õQ70496,Model B,T240FG0MA2CL12Q3N,2015/11/1,66
ÓåW25591,Model D,QA8RG3GC5LOFB5OYM,2020/7/6,42
ÕãH23764,Model A,AMYRDKZA50W50QB4D,2017/1/14,55
½úX66120,Model B,1VWAB81V7U0HDHKJ1,2021/2/14,97
ÃÉV96034,Model D,4RUUK00IBKXEL7QIJ,2020/7/27,41
½òN55074,Model A,XNWLXLRDAXW99MB9K,2015/9/1,70
¸ÊT40399,Model A,5YS73JTES18HF0NSL,2019/8/15,7
ÃöQ48355,Model A,YKPAFBJWXZTI95Y2B,2016/12/14,65
ËÕP20252,Model A,22M549F2PHFA5JRU8,2015/2/14,15
´¨A71933,Model C,5WHQ68UL8EOIKN85P,2018/8/2,35
¹óI64945,Model D,Y9OY5RGKLTDV9UI34,2021/12/28,69
¾©X04064,Model A,GB37ZVTNWGOA06T1S,2020/11/22,71
¼ªW98114,Model B,C44KWX47TA5FKUY00,2023/6/20,89
¾©N98996,Model B,THN8DNA5NX6BEHFM8,2016/4/25,86
¾©U39391,Model C,WO8DZYH4DT1S13D7B,2022/4/9,95
¸ÓR44077,Model D,FSJ0KT9KYSUYGAZK4,2023/2/12,21
ÄþÔÁP25494,Model B,1YSTTQ8NKH170BFWW,2023/7/19,90
»¦D58848,Model C,JE1ECHWBB4RA65VAR,2023/9/18,58
ÉÂT91838,Model A,KKS61OP2VXG2DIYGQ,2017/10/21,75
½úP33285,Model D,KALNUIWTCFJ65IIHV,2018/3/25,29
ÇíJ60794,Model D,YFDYYQBG0005FKLHA,2018/6/24,34
¹ðF06757,Model D,K3VPE3K5LIH3F09I7,2020/2/9,79
ÍîD31912,Model D,7BVNV6NJMRLJ1SPTW,2018/4/18,94
ÃöR53350,Model C,FC1WLSVCLOFP1215V,2017/4/17,83
ËÕX95903,Model B,4NO5SMNZ8ON5XNI4G,2020/8/11,64
ÐÂK10986,Model A,TO1RDAJW82IG3KBJE,2023/11/25,16
ÁÉD72434,Model C,87Z8W6DFK3PPYIEP4,2021/3/28,18
¹ðE02687,Model D,LJDHZB283JDENZVA6,2023/9/26,96
ÃÉY65848,Model D,U2VGWJLLJ1YJLZOTD,2022/1/24,12
ÉÂN48426,Model C,SX30J6PVOQYS8RIA2,2022/8/4,79
ÕãI56426,Model A,B97523VPO1YLD6U7B,2016/5/16,49
ÃÉD23263,Model B,NQDIRPJM24A608LER,2017/3/24,48
¶õL13591,Model C,MU0PTWY9EPKQCM8JL,2016/6/11,90
½úA79941,Model A,B406U20HROHHTOUU3,2015/1/22,29
ÕãZ22934,Model C,VAUMNGPS5WOTSQ8KW,2019/4/22,52
ÏæE37224,Model C,EBP7UM2NIPCCTO05E,2020/3/15,50
¸ÊU57029,Model B,CBQGZW4HJY8MN91YQ,2021/1/20,9
¼½W72974,Model A,3BP1JUUC7GLPCRDDR,2020/4/21,51
Â³S45955,Model B,L1VUVAC01E6M0C0GU,2020/6/12,48
ÔÆD70154,Model D,F5DGZKT12VHFMVGGI,2021/7/18,46
¼½D36483,Model D,UMZ543H3OL6OWLU9I,2022/8/1,92
½òC92661,Model D,5ZWMW8EPLXPCV7GPN,2019/12/7,47
»¦C72608,Model C,8X8TQSM6XWFDPYHIH,2019/7/22,79
Ô¥Z86877,Model C,4R7P42XNFRNP1MLHF,2023/10/10,52
´¨T75659,Model D,7SU12JT4APY2ANV0K,2020/4/26,62
²ØY30293,Model D,HG7TLRP23Q1JGVVZH,2017/6/8,56
¼½Z10365,Model D,9X7RJ3DZJ0071MUCR,2017/2/7,81
²ØH82178,Model D,YL7QPUDMT5I97GM9U,2022/9/11,32
¾©Z10639,Model D,4EB9A3NCSL9B33IHL,2017/11/21,45
½òP05049,Model C,UXD9SRMONYL0UPKO4,2022/2/14,39
ÕãW72975,Model C,XKY4WQPBANOJ7RFYN,2018/8/3,96
¶õD71610,Model A,FUNF86L02O2F9XGQJ,2021/4/14,16
½òL25519,Model B,0P4TMQCCTWRIDBNS1,2022/5/18,23
ËÕX27052,Model A,G5ZNVEMRC81KJIHAO,2019/11/16,68
ÕãW55141,Model A,ZSB73NXR20LF04G6R,2021/2/8,65
ÃöD50896,Model B,C4HMKLF2XVA75T3BV,2021/5/6,26
ÕãW13899,Model B,XCYHBYVOWYT6J87V9,2016/12/27,72
ÄþÔÁQ29790,Model C,7Q1TDJD6QRDMWDR2X,2016/4/11,50
ºÚX26207,Model A,IPICZ35CD6YEDIIY8,2016/10/4,83
ÉÂL74065,Model B,YU453YKNOE97HWZW7,2020/8/9,47
ÄþÔÁM00249,Model A,JXERMAQBAETOF2RE8,2016/11/1,31
´¨Z04434,Model D,GDKEX095IKJ3WRU39,2021/11/6,75
ÇàH09616,Model D,KT4H1HLZVO4S8QZYV,2021/5/17,63
¼ªK07808,Model C,77EBXI5I83QYQZJS4,2020/2/9,26
Ô¥R64766,Model C,XOAEH5MUJ6XSDOFWW,2020/7/12,33
ÉÂQ86778,Model D,0UEWVK0TT5AH56MPX,2022/12/23,63
ÐÂD57108,Model A,TPIY6A8YHFH91IKIE,2016/2/28,14
ÇàQ34941,Model B,Y1VBREGP8IVLTV61Q,2023/3/24,15
ÃÉH70108,Model B,QVEQVZ7KOFV8BCJHD,2019/4/28,54
ÕãR47534,Model A,BMGQ1GAYYUHMHIERG,2023/7/24,25
Ô¥X83505,Model B,9IV9EH8WLKWAQCGRB,2018/4/27,95
ÐÂY72873,Model D,XO2QO5PZKUH7RHQQL,2021/6/11,5
½úV13007,Model B,VPBS7V4X21JDEL3XG,2016/8/12,90
¹ðG84484,Model A,JQTUFZI99PSOMRMBK,2015/10/17,99
ÄþÔÁE28977,Model C,FIW04INNHBYLTYOPT,2018/5/16,25
»¦U36762,Model A,O4PP7L9FYSH351RDU,2020/1/20,4
Â³B44071,Model B,13P0VM5PWPXE67WKA,2021/12/24,4
Â³M86189,Model D,YT4AFBV42S1D5EJGM,2016/4/21,45
ÐÂU78754,Model B,7DTTSNCNBZHPYO3WG,2021/5/15,12
ÇàM56307,Model C,8EZF86B1V55VWED9U,2021/10/4,34
ÃÉG83088,Model C,8ID71YRGDDWXD283T,2016/11/20,25
½òD28689,Model D,95IGP4GE2RCBGXMQA,2020/11/27,35
ÇàZ81121,Model A,XDERRGV2NU08BDCXW,2020/10/6,50
¶õW36559,Model C,0MI52AX3XSZF48N49,2019/2/20,70
²ØX16922,Model D,NL6EYN8QB438POXCC,2017/9/24,89
ÃÉY82143,Model C,CXC3HCI0Q3ZD9ZW4B,2023/7/16,87
ÇàR95033,Model B,57SVK46S8LH1M8NR9,2021/10/24,57
¹óS33100,Model C,66M1U79B28Q3UYOLC,2022/9/4,57
ÇàF01042,Model D,07IFAB6VMC6KAS1NE,2017/1/14,57
Â³M44869,Model D,CUCMILYI2M1QATR4Z,2016/3/21,91
ÃÉN80045,Model C,DW1MQJVK0ET869YYC,2019/7/20,86
ÃöV65249,Model B,5OF80KB2GJCQ0EJHY,2016/8/28,14
¾©S08352,Model B,B2020XZ1RTCND8W44,2015/5/18,8
´¨P02544,Model A,KPV8UAD9GCWUN0TJ4,2023/3/21,52
ÏæU02269,Model D,686XW6RTQYB490EPF,2019/6/14,27
½úD92865,Model A,4KJK3C3M98BZYZ7C0,2020/6/23,54
ºÚU20359,Model C,9L0IDAGMIH7P8DI8V,2022/11/28,32
ÐÂD71676,Model C,MLKOKVU10SOXY7RW2,2022/3/11,21
¾©P55870,Model C,LUDVFW7N52O2FUMQC,2017/8/14,35
¶õT53397,Model D,TO9DCBGPK667OMFAH,2015/6/26,12
ÇàJ71493,Model A,E2TVT8VDB7N2CJ6N1,2017/8/17,77
ÕãT57155,Model C,8ZP2427JBR4AIELX7,2022/8/6,13
ÃöK38263,Model D,U3O3X2WEQC8F4TP02,2018/5/13,92
¼½L86920,Model B,5IZFKGW2ZCJ3TF3Z3,2021/3/13,51
Â³L75901,Model C,P2HFO863GAIZN2TRC,2015/10/25,73
ÉÂQ50124,Model A,GXIR43IRBJQ6U2CAV,2018/1/14,42
²ØY82651,Model B,Z5SSVYWQL0GFMV7HD,2016/1/28,45
ÃöN31883,Model C,39OM5BXM9A4F5JDBA,2023/4/2,71
Ô¥L53972,Model A,MRT1I8KX9ORJSMR89,2017/10/22,53
¸ÊX64400,Model A,B0IBWCW3NJE8MBMRK,2021/12/6,50
ÉÂP49640,Model A,6XZFWYOABPLYK02WE,2021/6/13,15
ÃÉR53776,Model D,G1HJ6L9MGBBXOBNMH,2015/10/2,12
¼½D28870,Model A,IBPSM3107WWYC5QH9,2023/12/7,32
½òU75337,Model D,06QFT8FW0YJC4RCOQ,2017/2/14,100
Ô¥Z09889,Model A,UZA0OBOYKZG0AX7Z3,2020/11/20,17
ÐÂJ88758,Model C,4WGVUYARPGBQJQ20R,2020/2/21,37
¾©X21906,Model B,P39L7BUI8CW8TPYPV,2015/10/15,58
ÇàA70041,Model D,UGGE5LWOJRCNHSW7N,2019/6/6,9
¹ðG02570,Model B,U196RR3TMRV8Q4SS1,2023/6/28,46
½òM64727,Model A,9OPVOO932C2RCTJY2,2015/9/14,1
²ØW39636,Model B,ZR0R4MAMXDGCBAKLF,2017/8/17,3
¹ðO39106,Model A,7W6ZXSD09GQDGZ5X6,2018/1/25,3
½úF55650,Model B,PG7BT8YF83ZTG121J,2021/6/2,97
ÃÉF48604,Model A,0EQVV3JOMSU5UA3EZ,2017/6/27,54
½úL35619,Model C,2NALT1FYM9MM95BLD,2015/3/15,72
´¨J18986,Model D,I10V0RQMTJ6S3J0ZI,2020/5/24,36
¸ÊD44878,Model A,JQ6FBIP5CVBSSSTJT,2016/6/26,54
²ØH87720,Model C,9NH16OR9567TQW1UP,2015/7/3,34
ÍîN60896,Model B,FSZ27LKLGUDNJWYLN,2022/3/5,39
ºÚF79522,Model C,OC4BGEIIWCL63UFCM,2016/2/19,24
ÃÉM44564,Model A,MLD0N1ENS2PUCP3KI,2022/4/8,24
ÏæU18469,Model B,E2H661T4TJBKPEHFF,2017/6/6,21
¸ÓG51611,Model C,ARBBU4XWAPTI1NU7S,2018/2/19,4
½òN73875,Model B,WALSZZQ17JTPLAMJA,2020/1/15,68
ÐÂS07332,Model C,UM61R81T3IU1ZBQ7D,2017/1/2,64
ÇàA76829,Model B,K8A87M6OERX7JMF9C,2022/4/19,43
ÇàL01443,Model A,W4ZSQLPUIXKPRQXUS,2016/10/13,47
ºÚD38986,Model B,7J5KJGTOIG9FF006C,2022/9/16,49
ÇàK91594,Model A,TXDI8DA9WCSN7WJU9,2021/2/10,42
ÇíT45810,Model A,NW7767IHWSE6Z7RYW,2022/9/8,83
ÃÉB47591,Model A,J2D74M3LSKVLLKWD8,2017/1/12,41
ÓåR35741,Model C,9A6832P8BVED1YEE3,2018/7/5,96
´¨S76005,Model C,SFGDLOAEZBXYT9BZ0,2017/12/6,90
ÁÉV02541,Model C,BNEGAHMXS9E0N9LUG,2017/9/22,54
ÓåM08362,Model C,GMJ36VUQQILMVKRV9,2019/1/14,26
ÁÉK48842,Model D,GT4KKIJF1X82DT6KT,2023/2/3,70
½úU23470,Model B,3WUWWVS1AEIKRM4Q5,2021/7/22,16
²ØW36582,Model D,XQ15L754206LFCP4Z,2017/10/6,81
ÄþÔÁV37304,Model A,W62ESR9WP8BHWWNMP,2016/9/19,49
ÍîJ65736,Model D,97GFQHW004XQ20RVX,2018/5/2,68
¾©I19316,Model D,ANQ77Y2DV2726OXJ1,2017/4/20,58
ÉÂL54571,Model C,YOTW4BJZKBBP4E87I,2018/11/24,31
ºÚJ04455,Model A,7K4YC2OQM55UKQRR0,2018/9/3,61
¹ðG30830,Model D,LURTYXFB4CMNHOM6M,2021/11/2,17
ÔÆS41760,Model D,K1Z0UHU8NFX8CDHIK,2017/12/7,97
ÃÉW91462,Model B,HLJ8TYXTRU2SEOP3L,2016/9/17,73
ÇíD76659,Model C,BXR22ZJETXNQ9KN32,2022/3/26,88
²ØS41960,Model A,Q09C65OVSEDXF3OWP,2021/9/14,22
ÃÉY59875,Model D,HKPNF28BOU7OLDCKT,2015/6/8,83
¸ÊR00521,Model B,O2PMW7KUGA3KJN2K0,2017/9/18,15
¶õT58666,Model B,GP01C7JRGXR7A4EEB,2020/4/21,70
²ØI95879,Model B,A8FPMR8G043MY9Q63,2017/1/17,35
ÄþÔÁF24792,Model C,10XM214X6UKB50VBS,2023/2/15,63
´¨D74642,Model C,6G95NU0MQW3X7OT47,2023/8/12,50
¹óS32061,Model D,TDC57F7CQ4DCG7ODS,2018/5/28,60
¹ðS50026,Model A,91B154L3EBDAGPVZ8,2020/7/28,12
ÇíX32663,Model D,PXGSZ7LU31049ZB93,2017/2/3,60
ÐÂN92776,Model A,STH97CSJMYRQQ68OY,2017/11/24,27
ÁÉP47740,Model A,H989CDIFUMNL7EIQH,2023/5/4,17
Â³A08124,Model B,T749RAG4OVKBEPEA9,2023/10/28,62
ÓåS85727,Model C,AL2GPR0UT34732G21,2022/3/12,22
ÇíS65232,Model A,HV1ZISJNG948N7FPE,2021/2/9,95
»¦O88512,Model C,W5PNBXAIOA79EUE7R,2022/6/17,3
¹ðS83636,Model A,0CF3CYLYND7RNWT37,2018/8/26,77
¶õE12479,Model C,FD4T6N6K2NQO9JM2U,2018/5/21,50
ÓåE64848,Model A,B6SERHGP8PHELUGDW,2017/10/23,92
¹ðQ63653,Model D,VQX8J24Y033UGI8BW,2022/7/23,58
¼½B25149,Model A,XBKI4QDF7RC3I8D4R,2023/4/25,38
Ô¥J44438,Model A,XH13J0RKQH0HFTPVW,2020/12/13,53
ËÕA96025,Model A,2MBUNCWNTSQI8FIG0,2021/7/14,47
¹óE87001,Model A,0OHCQLP7KKHTNR421,2023/6/3,2
ÏæI34656,Model A,XQEOHD2JXVI2LUBJ6,2022/1/14,86
Ô¥M33463,Model B,6BAJGR0MU52EO9G6N,2017/8/4,72
¼ªK28861,Model B,D7QV9DTZ0MYLFBT0S,2016/11/13,86
Ô¥N52930,Model A,XP88L1VWIID29FKR0,2016/7/7,22
¶õX37366,Model C,X4BTJL463RUH8TEB7,2017/6/20,53
ÔÆD91947,Model A,IHDDOMMTPGH21DL9G,2023/8/11,90
ÐÂK91874,Model C,IYCYUC5M7C9JIOBO0,2018/2/27,4
¶õZ78960,Model D,44A70C20K1NGH0V06,2015/11/24,82
½òN09399,Model C,2E0UHPHK3EU6K32CS,2016/12/5,84
ÍîT47582,Model B,CS0R0JB4KBURWI53P,2015/6/28,93
ÃÉE66580,Model C,DZCOTTIB2KR65OZQT,2018/3/4,59
ÇíP54947,Model C,638X5QWXV1KD9DJOA,2017/5/22,40
²ØX00488,Model C,GO26PD68F4GGW2CDZ,2015/10/5,35
ÄþÔÁE89187,Model D,APBTA5OSRY5G2YM2S,2020/4/23,78
ËÕG39464,Model C,UF0Y3FWN3Z47UXN1H,2016/8/12,97
½òG56250,Model A,L1WRFWZ0LV695UXXO,2021/8/26,47
´¨J78848,Model B,RDFG3S7UZ8Q0E4LGQ,2019/7/9,17
¸ÊU98573,Model D,4SCEYZF2QD3QK74RX,2021/6/27,12
ÃÉL66225,Model A,7H2USI6CHB0JGO02R,2018/8/12,2
ÔÆT98243,Model A,KRSKYDQQ8ZVTPUPTC,2020/12/3,76
»¦X75361,Model C,CJKJYF7WGJAMXUIDS,2015/9/27,18
Â³B99239,Model A,VF23XLDW43QAW9PBR,2019/7/23,72
ÃöQ39936,Model A,INJ549MOH1RZGPRI4,2022/7/7,42
ÄþÔÁC74645,Model C,8H9SWWCE477TBNM4L,2021/5/26,45
ÕãC40092,Model D,6V0NVO5S3UY8V0MTT,2020/5/1,27
¶õF05738,Model C,8S7GKSQWWGC1VKPBM,2016/6/26,93
ÔÆX33917,Model A,TVGVKBZUBLOUHTHWR,2023/5/3,100
½òQ46147,Model A,8K429JR8OJOAN2KFM,2015/6/25,11
¸ÓQ25943,Model C,FTNICOBJUUXO4R9VA,2021/10/14,94
Â³J99121,Model B,V8GRUUGRSPX4M9CHF,2018/9/14,53
ÁÉZ06866,Model B,TATI51CCX3M0YIPNP,2020/11/17,58
ÇíU52783,Model C,FVF6KEDVMIXPD233I,2023/12/3,16
½òD67379,Model C,VE26ZM7XC0PV61IIB,2016/7/18,21
¾©M70198,Model C,717CW2D63FHYUGAXJ,2019/8/8,91
´¨E06624,Model D,L8TY0NRZ8JUDRI90R,2021/2/1,67
´¨E74596,Model D,GPR31FNPYO8FSXSYW,2016/1/20,95
ÄþÔÁM43265,Model D,PBZ3J4OTB5VK371C7,2018/6/6,4
´¨W11569,Model B,L5Y96AGC4VEOT7FXX,2022/4/22,90
²ØM90720,Model B,ITP5UAFO5F2EF1UJE,2023/2/27,96
Ô¥B84128,Model D,NDQ33K22BNGEEM466,2015/6/9,96
¸ÓD49243,Model D,XIRTSHPXKQT8D7P1Y,2015/9/24,88
ÄþÔÁF91997,Model C,QMIRPH98IC1LNGI80,2017/2/17,43
ÃöW00313,Model C,EO0XVGBJCIS10CBD1,2019/10/10,80
ÍîY03942,Model B,1F7FXJF8Y2BLMG3HI,2021/5/24,82
ÔÆI67450,Model D,DQBL6I3MY616JY32S,2022/1/2,42
ÕãR68772,Model B,XR0JJ61DQ38XS5X2W,2021/7/7,82
¸ÊP76144,Model B,FUC26QPUT17O0YIX9,2020/10/8,36
¼½O88610,Model D,JNOSR53GXW0JS13AA,2023/3/27,49
ÇàH03386,Model C,FED6GMOIROZT9H2EC,2015/5/6,8
ÐÂP73692,Model B,LP8MALICWJ5F85BBV,2015/8/5,35
Ô¥S16787,Model C,ID741UINJVC2Z5FKU,2021/11/28,82
Â³V57084,Model B,WBFK5A2Q0QETJR7ID,2017/10/8,58
¶õF01261,Model D,MHFTT8OADDBLJFNRZ,2021/4/24,24
ÄþÔÁE56326,Model B,AWW3SEIBSJK7IV1F0,2016/10/23,29
¾©V39227,Model A,HO1RX1CGRTQWSH5OC,2023/1/2,74
ÁÉR21235,Model B,QOYOLPJRGRJW63O22,2015/4/22,49
ÇàW01107,Model A,3R0S390HGBIHOAQ4G,2021/10/3,21
ÃÉK56764,Model B,SM2Y7ES8U7W7SNBXK,2017/4/25,16
½òR37861,Model C,IVYZ2WO2XA0Z93B82,2021/11/19,68
¸ÊX67442,Model C,IR5IZKU05QG0N2RHK,2015/7/12,60
ÃöG77410,Model D,Y7URJ3HRNAB6EHGPN,2019/11/5,34
¹óN57256,Model B,147OIRDWTRENIYRUE,2016/6/16,34
ÇíO59497,Model B,KCTEG34H534499BGM,2017/3/23,89
¸ÓC80156,Model D,U2Z7GR2PJT0Q45CW3,2021/12/15,19
²ØQ72306,Model C,37SFHUQP4CDODXEW8,2023/1/14,71
½úL02157,Model D,IR67R2OTFCL5NA9CK,2019/5/24,71
´¨B69885,Model D,3FLBXRGH4HM9NF6R4,2016/8/18,19
ËÕM53702,Model B,AKDT0M1Z6KWNAZ2N1,2022/1/14,96
´¨F80893,Model C,FZWA1SVXE8HZ3UUBB,2022/3/19,87
´¨P52851,Model A,KRSK5FSN277NQ2Z7K,2019/10/19,83
ÍîH89338,Model B,W6HFVZNW8Y1RPMO2E,2018/11/18,6
Â³G14062,Model D,EXL1WZIU1NQ8DAT53,2022/7/17,21
¸ÊN11543,Model C,KKMVB63ZI70PVRX20,2021/11/18,97
ÉÂO28534,Model A,C4BXGV7E8SW9D41ZM,2015/12/12,31
ÓåY26818,Model B,CMSEF1UH9BORZK74H,2021/10/23,49
ÇíT68089,Model D,0D1R5VRH7HKICB0U6,2021/8/8,13
ÔÆC17213,Model B,ISNGZF06PJ0UDV6KJ,2016/10/2,18
ÁÉT04987,Model B,7Y8RTTRBS5P6JFZFB,2016/12/22,76
¾©F58502,Model B,GW5KM6RY7184PAR48,2022/4/26,25
½úU07204,Model A,YTN599A3384Y7T4V5,2022/7/9,73
ÄþÔÁB63338,Model A,J5K6FBHHA0BY3FHFX,2021/7/11,50
ÉÂH36123,Model D,V904GJEPIZRB1BV3G,2022/1/24,56
ÇíX97884,Model D,GPVJ37V5ZEM50NCU8,2020/11/8,40
¸ÓZ07554,Model B,A9ZMAQ3AF7M0DBCQW,2023/8/20,67
ÄþÔÁA01462,Model C,2OJ9VUP9KQNCOQ7QJ,2020/5/22,42
½úY14422,Model C,KEY56V4AR8SN39LUO,2015/1/19,2
ÇíS62278,Model B,BCSKOE5KJ4YXZ0F27,2023/9/9,67
ºÚV59272,Model C,07YRKWFPBXE6QBQBR,2022/9/11,62
ÃöI36991,Model D,RLIIILMMWBCOC7HXE,2020/1/18,78
ËÕI22838,Model D,75MVBYV6PIT8U9AO1,2023/3/23,81
²ØX19319,Model C,TMO5PJDJ0ZRC2GVYJ,2022/5/13,50
ÍîJ51439,Model B,XUQ4DHGEMYCHAGWJC,2019/11/27,88
²ØO83827,Model C,G9V0GJI1PD82XDLDU,2018/6/3,38
¼ªR98884,Model B,MNXTFS3MHEDU3GX8V,2020/12/19,15
¾©I51154,Model D,3A6WWQH8UEJPRZYT2,2018/5/23,74
ÃöT67724,Model A,5TDNUUKRT9D2EWSWI,2020/9/1,29
ÔÆX79900,Model A,VL6R4QCTC2LQCW3WL,2019/4/8,97
ºÚH56729,Model C,HY5NINRQ58Y58CYMC,2019/5/20,50
ÍîR03972,Model D,HO0SZGHX40LLPAIAI,2022/8/8,80
¸ÓX72746,Model D,1ZGTH320FNO2LCME8,2018/5/21,89
ÃöJ20916,Model A,5XA7CDEMUGZSRA4IW,2015/7/6,49
ÏæY07561,Model D,3R4Z9UHJETDBZXQQ4,2021/12/18,99
¸ÊX36134,Model D,XTPDELFSKQDT0S1QN,2019/4/1,74
½úN10362,Model A,Z56U3JX1R4GA65EZN,2022/6/13,57
¾©U63933,Model C,HSWY5Z8MHX6JRUM8M,2021/2/10,60
»¦H80930,Model C,2MJ90MZD9JPUWHTGY,2016/6/27,10
ÍîB76779,Model B,Z1QHP12LFBUIEBYNA,2016/1/23,8
½òR10117,Model B,WV0B4HC664N9HFNHS,2015/1/18,63
½òF60603,Model C,QT1CIA2OGFXJ0K8R7,2021/8/24,96
¸ÓZ20300,Model C,RKQOLPU46LZCNZY5N,2018/7/11,28
Â³T18643,Model C,KENB08QW0ZTEEAS75,2021/12/8,31
¸ÊV95131,Model B,PTOBLB8M58ARPOTDQ,2020/5/20,73
¹óH69757,Model C,41EXMYF745G66DH6X,2016/4/1,98
ºÚM34582,Model C,JTLMF0AEWAY4JY24X,2015/12/27,84
Â³P30676,Model A,0Y5O4PNWS60YCFQRB,2023/5/6,30
¶õN53248,Model C,YYHLEJZHEEUS5P0O7,2023/1/4,55
ÃÉG64789,Model A,VDIT1AXP4W79GGWIG,2020/8/3,31
¼½Y62267,Model D,THS69OZD5YWUQR4WL,2016/10/22,12
ÔÆL96842,Model B,UJTTLEFZGPZ886DOF,2015/11/4,18
ÐÂJ89131,Model C,0L8U2IQKFAW4J3IQ4,2021/10/7,23
ºÚC53935,Model C,CZG0Z2WX6Z59RAART,2023/4/15,93
ºÚX12641,Model C,II68I2J14OU7BSTYB,2020/12/1,75
ËÕJ87613,Model D,87WNP9UQH2MFLW4S6,2023/9/2,32
ÃöQ75403,Model D,55XSCHT0MD3JCOJHF,2021/7/18,78
ÇàW93098,Model B,NCJURD1H9AH6C36SV,2019/4/5,70
ËÕI72323,Model C,PMS0SLGEYCSYZ0O3G,2023/1/11,45
ÃÉN59550,Model C,83HOT3CLY2EZGTA50,2017/8/8,23
¹ðE09803,Model D,6WXTXR4LF41VTBOQP,2021/11/28,64
¸ÊA27006,Model D,672S3ECSZM2TAQTHG,2015/5/18,3
ÁÉP06287,Model B,S22CP01OHTWYAM4YX,2017/7/8,7
ÃöA73089,Model B,CNC9CFV91KYCLYKJM,2020/4/26,75
ºÚT55233,Model C,M6UG649T77YG8A0JQ,2018/10/24,55
ÍîI63080,Model B,TP8FLFEL307N09UG2,2018/1/17,25
»¦R51406,Model D,59ZYBPLRP2ANGZRO0,2023/2/1,95
¸ÓS33744,Model B,ULCBIAC57D2PSL8KZ,2021/8/3,77
¼½I14960,Model A,BHB590OKJ8MBJVWZV,2017/11/20,96
ËÕJ95079,Model C,66QUGN4ISUZ2OWEUA,2022/11/2,51
¶õU26595,Model B,CL75G2WC4WOUYSSXM,2020/8/9,95
¹óW09396,Model C,F0CMRSXXA8QFK1VM2,2020/1/6,46
ÏæN08425,Model C,CGHT7R1DZT1MVMPPO,2017/11/22,88
¼ªO86044,Model D,E7YZ8QLP35OM76KQ9,2023/8/17,78
¹ðM33217,Model A,DT234KLA8CPNZW87O,2023/8/24,27
ºÚS58533,Model B,74Y9HJALY0678UQWO,2015/10/19,75
¹ðV22011,Model B,5RCURHF7S89QK25VE,2017/10/12,47
ÇíQ31342,Model D,28BUSZCVG2KPLKW13,2020/8/13,70
ÃöV60431,Model D,1LNTUGCX7S5SSBZHP,2016/9/14,90
ÃÉV99172,Model A,9XIKPOUIWHSISO3MZ,2022/4/19,23
ÏæZ73190,Model B,MF3GPA92W3TMEL50G,2019/3/21,82
´¨M71199,Model C,RRY9G1N1ITLPBF3XK,2016/9/3,98
ºÚG47715,Model D,3VFSSUBEN98S7SBKU,2017/8/16,18
¼ªP07771,Model A,UW1EWOSO0RN5QZAOD,2016/1/9,49
Â³K33551,Model B,XRSBETC0F9PHCDF8D,2016/6/3,28
ÉÂD89611,Model D,SHA83TXFWP51ZXNAF,2020/6/11,11
¶õS30236,Model D,F8NNCANVBAUFEY8KM,2022/2/27,61
ÍîR66213,Model B,1869SSFQM0441O7P1,2015/4/28,93
¾©F04891,Model D,EE9MAZ4T7RZZSH1MO,2017/4/7,53
¾©W78284,Model A,QA0IMDKR56X0PSWFO,2021/2/6,81
ÃöI04133,Model B,HYYT6B72IWZZ9HY8H,2021/8/25,14
½úB06493,Model C,CNUBZL5IZUGC13TKF,2023/3/24,77
ÏæX99160,Model B,LXZGHXXJE83O2FBQP,2015/11/25,19
ºÚY71260,Model A,205KS10GFYY8PEW3R,2015/6/24,34
ÐÂN94143,Model B,8I02PZUP6P73397IF,2022/1/3,40
ÁÉG62203,Model B,FEFIYIDF1YL13H8KI,2018/8/19,94
ÓåW98826,Model B,9B91LILLLOP028XMO,2020/9/25,75
²ØY53114,Model C,E6MKK8VOQ6VCYMDAH,2020/6/9,79
ºÚS74180,Model C,4C2CCEZ5MK1SS0FDE,2016/5/2,96
¹ðP38641,Model A,U9F8MGL5FEV17S77U,2022/5/16,44
ÄþÔÁP92335,Model A,OSVRRFJM8M0N49II2,2022/11/13,50
Â³Z27644,Model D,9G2ZLJB2WMMNHASQU,2016/5/5,98
²ØZ39535,Model D,GVX106ACG9UK61120,2015/8/13,73
ÄþÔÁB36526,Model A,J10OZPIJWDRC17W7R,2020/4/20,65
½úF92786,Model A,Y9HGSU726BG52ZIKA,2020/3/26,31
ÓåB01390,Model A,ODEOX7I7MY7DTLVNQ,2023/4/26,8
¾©E51355,Model C,3L34O2TYJQJJKAKLP,2021/2/15,59
ÓåT99721,Model A,SPH1GWM6XB4KAT5LC,2016/8/12,43
ÏæU22267,Model C,98A8ROM6EPGBGPYA9,2020/6/9,87
ºÚW29899,Model C,PHFWPBGVAN1RCRQV3,2015/9/6,1
²ØB12617,Model D,C0AQ5UJFB7L1T19ZO,2018/8/23,66
¾©G60147,Model D,VTI3U2J4OCTH3HTYZ,2020/6/28,3
ÉÂP97757,Model A,T6MUT1MW9C5SC3WTC,2020/11/26,67
ÏæI66737,Model A,AFTZPVSRGGSJ8QPQT,2017/10/17,32
ÇàA47689,Model B,FJ94Z39FV67KVNDFO,2019/4/1,21
ÇíV05604,Model D,82TV44CTZWCIAN6NW,2015/3/8,50
ÃöQ84899,Model A,7U1AN2EPF8Z5NOXKK,2020/3/14,96
¼ªK07241,Model B,6DXZ1VYD1IDDI2CT1,2021/1/7,43
¼½M61764,Model D,BM5TJ7LOZ47OO8U0O,2018/7/24,77
ÏæC53566,Model D,LNXZIXM894Z2GDXG8,2021/10/11,93
ÄþÔÁV69189,Model C,YZKIRUZ9EJQKQBW8D,2017/6/16,77
²ØL67613,Model B,ZKKB8LJL4VXUEWSO8,2017/9/12,16
ÁÉD05182,Model C,B77UI2BWIN2IDJV93,2023/6/3,48
¸ÓJ56979,Model C,S8FPBN6P6UQWTD09M,2017/5/16,58
¼ªY43183,Model A,U2438GPPDW8AMERXC,2020/8/16,62
²ØD80081,Model B,EDUICEU9POEKFKJK6,2019/7/9,83
ÕãE25658,Model C,B9TQZ83NHPBAUKP9Z,2022/1/19,42
½úV39749,Model C,LUBXACLUBZIV2AYYS,2016/10/5,89
½úC13296,Model A,C3T6829VAEWEYCPYI,2017/8/20,1
¶õJ56537,Model D,2RFKW32DJY4D5E67O,2019/8/10,59
½úM69114,Model A,H51MA3WGRYP21XL28,2018/7/5,89
ÁÉH40551,Model A,DGK4ED6V17TUSYJJE,2017/12/11,33
¾©L39512,Model A,FEYLJHOD8XEBOPE3X,2018/4/6,51
ÉÂL56849,Model B,BWAFLOWDT3V1XP7T4,2018/5/13,69
¹óX27048,Model B,2LUSXKXD92Z1RJTO5,2020/2/19,49
ÔÆK34969,Model B,RBH9CSMN1I9JTQG9P,2022/8/7,11
ÄþÔÁS49436,Model C,0562GOC7NR3KT3A1M,2015/12/24,36
¸ÊK38885,Model D,3K1SOL82YDELXQKL5,2015/1/10,36
¾©R42007,Model B,263643NDQSK7HP0W9,2016/7/10,28
»¦S53056,Model B,PIEQDUMM8YB0UFR7E,2021/10/10,30
»¦T05255,Model D,XXGNWNZ9TIDUOK32D,2019/3/6,82
ÍîV76214,Model A,4IYFGAHZ75ZHUL6HO,2018/8/19,76
¼ªB35359,Model D,QH5J92F206KKRUJ92,2016/7/6,98
ÏæC44501,Model D,WONEC7EGZPH9YGBTH,2016/11/28,74
²ØM28470,Model C,4940I8C1ANDNZ84WH,2020/4/13,23
ÍîV59529,Model D,91TCXO5ISGQTGLDGY,2016/4/19,22
ÉÂW66268,Model B,BGUBKY8KJNK2M5I3R,2017/5/14,64
ÉÂF38835,Model B,HKEYQN3Q8WTB285KW,2018/1/20,79
ÃÉF30644,Model D,3O7D8SW4LYF8FKHHA,2020/4/27,53
ËÕA36787,Model C,ZNL6XNYVDBGPROO66,2019/9/10,9
¼½O87251,Model B,3FY6ODN0T5A5S6X69,2023/5/8,66
²ØB72199,Model B,510EQM7LFGV2LY1L8,2020/5/5,33
ËÕI49249,Model C,AS94ZS8628SKG8905,2023/8/24,10
ºÚP45720,Model D,Y23QWG02HZAUUJZUR,2023/10/15,19
ËÕM20440,Model B,UJNSR4I0DUJU8B1C1,2018/7/2,14
ÓåA57499,Model C,G2AJGUKU5O98KP2T5,2022/8/7,100
ºÚU38298,Model A,8ER54LP5SZDXJU3J8,2020/8/19,38
¸ÓU18070,Model A,0NRIITHZCIQNFM33P,2023/8/23,1
Â³O80009,Model A,2W1ENO3YJQVT3LHKG,2021/4/11,92
ÍîK19816,Model D,30HICKU1XDJFR0QBG,2021/7/25,63
ËÕE38332,Model D,0Y3T368DF0PMPZ64Z,2016/8/1,63
ÇíJ56173,Model B,E4M21ELREQHJ8VVAS,2021/6/13,71
¼½T53707,Model B,FIOMSVHT5J6JQEMHG,2016/12/22,77
ÐÂG44256,Model D,1DD4HMCNYC3WF7O2J,2015/5/2,5
ÉÂK47074,Model C,QWTAT5S3OKYUW1DDX,2022/3/24,51
¹óB69238,Model C,ANWG5ON6NZR74HNUP,2020/1/17,83
½úU10107,Model B,26PWA3P2H38IFGMW6,2019/12/1,99
ÇíA97716,Model C,RDU9YC7N67SDQDY5F,2016/12/9,14
¼½R52705,Model D,ZKMK13YRB6DJLENZA,2021/2/3,21
Â³K00470,Model D,2JK3MPBC39Z2W43UF,2019/11/5,77
ÇíP03087,Model C,A777RZV9H1YREN3O9,2015/12/8,75
ºÚL23784,Model D,OT7ZWO4Z1OSRJTR8Q,2016/12/19,71
ÕãW49932,Model D,5G1N09W18VY477TWA,2015/6/28,69
¹ðE10505,Model D,BA870C9L5P7VCWXQ6,2021/3/9,4
¼½B42982,Model A,BFEK9CX3958GH3SD0,2022/6/20,1
»¦X28370,Model D,EBD3HCGAA2RUWMKXH,2023/2/27,24
¼ªE56187,Model D,SXTE5IX5HGCOAFJLG,2019/1/20,82
ÉÂD45436,Model B,0SIAMEW4XWH37LKTG,2021/2/9,1
²ØY13259,Model D,IABBEG2NUU2HW0016,2017/7/22,31
½òV77797,Model D,S0CENN0LJ4AUK8ILA,2015/3/28,87
Ô¥U39005,Model D,NN5VNHCL261G84PPR,2016/11/20,87
ÉÂL92449,Model D,2UGDX1NQTDT1593JF,2018/5/1,40
ÉÂU70521,Model A,2OAM38CUTZOT89PCB,2020/9/14,80
ÃÉB28972,Model C,TDUCYOBAENCG73Q48,2015/2/2,15
ÄþÔÁH53144,Model A,KK8MNCJ34FBIDK4CM,2021/6/17,82
»¦D54236,Model A,T96QMR63S4MH0A79L,2022/3/17,45
ÁÉP83167,Model B,A21BKN8IJ7LPGDF9C,2016/6/13,77
ÇàF65147,Model A,IPVLVIQJ6QNNX48A0,2017/5/26,100
²ØX41628,Model D,XRVICIHNWE1OV44W6,2016/1/1,70
ºÚM21046,Model D,2EXP4HL6M1GL7MWGD,2022/10/4,26
ÕãC41447,Model B,CGIB2CN3K4A90R7KM,2019/7/6,70
Â³Z47003,Model A,NLC7LJ4SRVS17QTFS,2023/8/25,70
²ØU44495,Model C,D6W0S5HA9RCZEP626,2020/10/18,75
ÉÂY78520,Model A,92SY9MQZB1ZRUPYQK,2021/1/19,68
´¨L59064,Model B,UQ7M67V7HOQBVSHC5,2015/8/11,54
¹ðK77545,Model D,OBWALCSOAYLACXL3L,2021/5/26,19
¸ÊW67874,Model C,7YOP66JJJDPNQYEXB,2016/2/9,44
ºÚV76893,Model C,0HOJGQRTKPSAC3L85,2022/12/28,8
ÉÂS40938,Model A,D0R66JJABPPX0P9AP,2015/1/8,20
ËÕO03182,Model B,53XX5D520VI400MPJ,2020/10/22,55
ÃÉC80672,Model C,1LKWYLQW6PFL6R5AR,2018/7/16,98
ÍîD45983,Model A,C7PAXI8ZU6KO2I87J,2018/9/28,26
Â³N98460,Model C,DR2L2RDVKN5561SHE,2019/5/4,27
ÍîC31768,Model C,TMHRFHQ3U858AUF6Q,2015/6/17,2
ÇàJ66246,Model D,8MV91Y398V9CT6MZB,2019/6/3,36
¼½V56495,Model A,ZTGCTJ2FGHPYD0NTL,2020/12/26,36
ºÚZ47809,Model A,Z24YS04GF9F8YN5QZ,2023/11/23,64
ËÕO33720,Model B,CEJWLJYB6ARQJ46P5,2021/4/13,55
ÃöJ53955,Model B,CG0XKHBVQBISJTOKH,2023/2/25,96
½òT92510,Model D,B5WFIKSCCDGLNVWZ8,2019/8/23,63
¼½P67466,Model D,SO2I2Y064PDABMU75,2023/5/27,70
ÃÉF94241,Model A,BDXK7HJYSPWJQN6RD,2015/8/19,3
ÃÉX12154,Model A,MPF9IWJ04XALVQIAS,2019/5/22,42
¸ÓW58040,Model B,TP8LPDQI2W4R2RRTW,2023/1/14,27
ºÚG13045,Model A,PG0FYIS0GG5VXFVJV,2023/8/11,28
»¦L54557,Model C,DGV0Y4C7GGG0LM8QH,2020/4/12,59
ÍîD81824,Model B,P09M92H36Q2IRZ5K6,2021/10/5,3
¼ªE61752,Model A,WT6AS2W4IM48CLWJC,2015/7/16,10
¹óG80589,Model B,BM9VWFVHOP84TFG45,2015/6/27,47
ËÕK30820,Model B,2NGW2VYH7FXQX6DHS,2022/9/21,45
ÄþÔÁW66103,Model C,KEY6WU5MF5TX4KTZK,2018/10/25,34
Â³N84476,Model B,FSA1SSD32MNMK6YRJ,2021/11/3,26
ÉÂC19348,Model C,MYY4UYQYEYCCGN60X,2022/4/28,44
¸ÊC24910,Model B,SUO5XKKDG7AHUHE7I,2020/1/27,76
¸ÓQ71076,Model C,CNOER212J78CKU7YD,2019/8/8,80
ËÕU60861,Model A,MEJTHE5RCLMCETICI,2022/8/7,79
ÃÉO47279,Model A,JRKUW84TKTH5BXVEV,2017/12/1,1
»¦Q76695,Model C,4E9C24OEGVKF49WTP,2020/1/10,30
ÏæY98991,Model D,7R2TYBBF2DY7WYQRL,2019/10/6,82
ÓåV68117,Model C,GWLJB1U51WT72PZJE,2022/3/7,40
½òO65043,Model C,4QCIU90LAJ1JH2OTJ,2021/9/19,24
ºÚF05777,Model C,YZL0S45ZAP87PE832,2022/4/25,70
ÉÂV14243,Model A,YJGZ9DD5ZP9ZHSQ4M,2018/4/21,98
»¦E19797,Model A,OKXY26DH658197FJU,2018/5/2,28
Ô¥P14676,Model A,Z9MCK34SQYB9D5MF0,2021/6/13,85
ÇíV32377,Model D,3OG5CX5BA068RIMH7,2017/10/15,59
ÇíF86599,Model A,NMK9WZ8M6Z7WSMMRU,2018/12/28,51
¶õB75486,Model C,DK7GV5G37TNF71X8Z,2020/7/19,25
¼½V44032,Model A,787W94RWCZSDQ8PSG,2019/2/20,40
ÃöL96006,Model B,GYQFC5Z0OSU7EKUL2,2022/8/2,41
¸ÊA64875,Model D,SICHWVTO7C2GMMJ7O,2020/5/21,99
¶õB31977,Model D,8C2WV16IHWTPB8IRD,2018/9/8,58
ÍîV66728,Model D,PFSCF495AYVYT4DA6,2016/7/11,22
¸ÊU34763,Model A,JAGA5NQI3NEJQWPLT,2018/6/11,53
Â³R20233,Model A,GOL0H3T3531FDEVA0,2023/5/26,75
ÍîT07421,Model C,G5QEWRXANA51ZQDE8,2018/7/23,65
ÏæK08409,Model D,X7GNYJZNYEB0U6QY1,2018/2/13,43
´¨C73208,Model D,GSNQQXZPEMFLZS4OJ,2023/2/10,24
²ØX26780,Model D,TPZUSNDLSC037SVXB,2017/8/9,6
²ØT60786,Model B,9Y7I8THGUEY37CVSK,2023/12/14,74
ÐÂC07394,Model B,QBD6PVD6DTE7MJZRG,2020/2/1,28
¼ªQ26305,Model B,HSW0OX89W8FR7HQ9Q,2023/11/19,74
´¨W93781,Model A,5V7BWWKDS52HXCPZD,2021/9/8,39
´¨P48531,Model A,04W5JVSSJ5WSESSKN,2018/4/28,77
½òS44140,Model B,OOMGXML2O75U8LV3J,2022/4/25,2
»¦Q78971,Model B,JUKO84KSV3XEN51Z1,2017/11/18,1
ËÕE77582,Model C,OI855HAWDOWD6FKMA,2023/3/25,22
ºÚQ02906,Model B,FM1SUPPR0YU0C13YE,2019/6/27,71
Â³C20501,Model A,9FQOOYGD8DB1Q3AGI,2023/11/19,5
¾©D75852,Model A,ZR33XJNMLUFYSV2QN,2015/6/10,2
ÓåB69374,Model C,OMK03HIO9O1K6ZOA9,2016/8/3,15
ÍîI98069,Model C,NGNWY3VLR8UH7XXRK,2019/11/19,31
¶õD93080,Model A,C9QKU7G94H0LNFJ3W,2017/10/14,90
ÕãD56667,Model A,J7EGLEHLC6R9NXYWL,2020/7/13,81
¼ªG24925,Model C,ILABF8ZHUCFN7ZM5B,2019/5/15,12
ÓåD06183,Model D,SP4DSDX3DGW1623RZ,2015/11/9,80
ÔÆH91026,Model C,PY6YNF4W20JM212IY,2015/9/13,61
Ô¥Y69921,Model D,MCJC6NKOJCERZY2L5,2021/11/25,48
ÉÂS16674,Model D,RI0CU63CH6F1SDJ7H,2020/3/26,8
ÃöV12146,Model B,GIWGYL0O7T6CIKQI0,2017/6/20,90
½úD27905,Model C,WSDJ3LPI8P47ALU13,2017/8/20,41
¹óF69418,Model B,KMHKEQGU3V7N7D5PR,2015/9/6,19
»¦L57940,Model D,AQ2F2H6O9S7X1HQV6,2021/2/22,47
¹óZ42750,Model B,HMI9AP1D1S1UKMU5X,2016/11/11,8
ÕãF15231,Model B,TQ37Q86J5C36CI8LR,2018/10/2,77
½òY26398,Model C,7GH5VMURUPDER35IJ,2020/4/23,20
¹ðH41813,Model C,UUP2VRGH44V92DTEH,2018/10/13,23
²ØN86183,Model B,CRQYE5G31AX6S79M7,2015/8/9,63
¼ªO61882,Model A,J51TYEN5OJ2TVS0H1,2016/11/16,9
ÇíI08865,Model A,OZ6L0WK7D89APW92G,2023/1/14,33
ºÚH37885,Model D,HLEXS9PZZTCPOX2CI,2018/8/8,42
ÐÂE01544,Model D,K2SWMRPJB4ZK0GL71,2018/3/15,68
¹óZ82652,Model B,Q9JYX9RX6L4CJ668P,2022/7/22,20
ÓåF36338,Model B,DD9OXOJ5PF1SRPXB0,2017/8/2,57
ÍîN46905,Model D,B9ZBH968Y6MRNFZ0Y,2017/7/6,44
¶õV19920,Model A,W7JXER5QNQW40TWSC,2020/7/13,44
²ØP36028,Model C,ZRAZZ654G8F2CO657,2021/10/27,24
¾©H88313,Model D,RBZFA0X41HTR4CKW4,2016/4/17,36
ÇíJ21030,Model D,FP92YOATYWCEJB7F4,2018/6/14,63
ÓåI96998,Model A,CKL1O47ANEEHHHVSQ,2020/1/9,66
ÓåU03198,Model D,K0T8C3T22BM3KNYKM,2016/4/6,91
ÓåF43669,Model B,QSYEKGE7SK19THNP6,2018/4/9,19
ÉÂV71991,Model D,TH2W8JT9YS01RITJ4,2020/7/15,22
ºÚE66607,Model A,Q7HFFCHMAI59SNR38,2021/12/18,47
¼ªO50020,Model D,R4IWYC4ADAILS25H3,2021/6/22,74
ÇàJ42713,Model A,GW9UHRUYG4XHHH78A,2018/6/25,97
¹óQ08024,Model B,XMSAKB6JAUC2TX7VJ,2019/7/23,71
½òG48418,Model C,3WN4DHE5PGQ0Y0PYN,2021/3/25,100
ÍîL40521,Model B,XCQCEN7OKRRTN03D7,2019/8/25,79
²ØB16895,Model D,9KCQXQSK15EGK4BE3,2018/12/9,85
½úB19934,Model C,SFTXVJMBJBCVC7M3Z,2022/4/13,11
²ØI50262,Model A,AA3A3GU2W146DO996,2021/11/5,37
ÁÉM68135,Model A,EZ12OQMXW8QGEIFB1,2017/3/27,82
Â³Z20219,Model A,4P4F97G6EL2ELIARC,2020/11/27,92
ÔÆQ86502,Model C,N3FM9IR7DXR1796IH,2023/2/22,35
´¨V46781,Model A,JFZAB1R60NGEG3DCN,2016/2/26,21
¼ªG73367,Model D,OQC5LUGN83HRRSCXM,2019/1/5,77
²ØP07675,Model C,87KYGBPU59961DMGA,2023/5/14,83
ËÕL85492,Model A,6AXZ4ZXDBBNQOW3RP,2021/8/25,53
½òK73183,Model A,N9O0JKG77O4NCXIJV,2021/8/7,28
ÉÂH66756,Model B,18REZ8ZS9G3EJR0V5,2021/11/6,8
ÁÉJ75222,Model D,205IBXWJ9I5PXP7J8,2021/10/13,94
¸ÓN87929,Model B,X72DR3PJQXYSHGHWL,2021/3/20,66
¸ÊM36093,Model C,Y2JDDWWKXIS9SZN6I,2020/4/14,85
½úX07363,Model B,P5TCYIE8J106R7205,2019/8/21,31
